{"cameraMode":{"drawMode":0,"name":"Shaded","section":"Shading Mode"},"sceneLighting":false,"audioPlay":false,"sceneViewState":{"showFog":true,"showMaterialUpdate":false,"showSkybox":false,"showFlares":true,"showImageEffects":true,"showParticleSystems":true},"in2DMode":false,"pivot":{"x":0.0000017881393432617188,"y":1.5227513313293458,"z":0.06453794240951538},"rotation":{"x":-0.09432527422904968,"y":0.34685033559799197,"z":-0.035084959119558337,"w":-0.9325056076049805},"size":7.696240425109863,"orthographic":false}