{"cameraMode":{"drawMode":0,"name":"Shaded","section":"Shading Mode"},"sceneLighting":true,"audioPlay":false,"sceneViewState":{"showFog":true,"showMaterialUpdate":false,"showSkybox":true,"showFlares":true,"showImageEffects":true,"showParticleSystems":true},"in2DMode":false,"pivot":{"x":9.7854585647583,"y":-4.399775981903076,"z":19.464000701904298},"rotation":{"x":-0.08271405845880509,"y":0.005081151146441698,"z":-0.00042188804945908487,"w":-0.9965603351593018},"size":47.01788330078125,"orthographic":false}