{"cameraMode":{"drawMode":0,"name":"Shaded","section":"Shading Mode"},"sceneLighting":true,"audioPlay":false,"sceneViewState":{"showFog":true,"showMaterialUpdate":false,"showSkybox":true,"showFlares":true,"showImageEffects":true,"showParticleSystems":true},"in2DMode":false,"pivot":{"x":24.999998092651368,"y":0.9001054763793945,"z":-7.152557373046875e-7},"rotation":{"x":0.021667134016752244,"y":-0.5835920572280884,"z":-0.015580086037516594,"w":-0.8116083741188049},"size":4.6350603103637699,"orthographic":false}